folder,landscape,widthPx,heightPx,originX,originY,originZ,scaleXY,scaleZ,worldZmin,worldZmax,coveragePct,layers
Aero__Bronze09_Flying,LS1_0,2041,2041,-101931.46875,-101997.53125,-1048.8723,100.0,100.0,-8039.0,20641.0,100.0,Layer1;Layer2;Layer3;Layer4;Layer5;Layer6
Airborne__DelMarNUX_Bronze09,LS1_0,2041,2041,-101931.46875,-101997.53125,-1048.8723,100.0,100.0,-8039.0,20641.0,100.0,Layer1;Layer2;Layer3;Layer4;Layer5;Layer6
Alpine__Alpine,LS1_2097169906,1276,1531,-72478.2265625,125831.6484375,78260.99,100.0,100.0,61256.0,93591.0,100.0,Layer7
Alpine__Alpine,LS2_2118892455,1450,505,-72370.2265625,122485.875,66757.64,100.0,100.0,61982.0,86976.0,100.0,
Anaconda__DelMarDriftmania,LS1_0,2041,2041,-101915.09375,-53854.28125,-1048.8723,100.0,100.0,-26649.0,24550.0,100.0,Layer1;Layer2;Layer3;Layer5;Layer6
Anaconda_Bite__Driftmania,LS1_0,2041,2041,-101915.09375,-53854.28125,-1048.8723,100.0,100.0,-26649.0,24550.0,100.0,Layer1;Layer2;Layer3;Layer4;Layer5;Layer6
Anarchy_Arches__DelMarNUX_Bronze10,LS1_0,2041,2041,-101931.46875,-101997.53125,-1048.8723,100.0,100.0,-26590.0,24550.0,100.0,Layer1;Layer2;Layer3;Layer5;Layer6
Azure_Grotto__DelMarAqueduct,LS1_0,2041,2041,-101915.09375,-53854.28125,-1048.8723,100.0,100.0,-26649.0,24550.0,100.0,Layer3;Layer4
Basalt_Burrow__DM_404_S2_B,LS1_1476302207,2041,2041,-56053.6875,-15337.9130859375,-14027.101,100.0,100.0,-17679.0,7599.0,100.0,Layer3;Layer6
Bone_Cavern__DelMarJumperStrafe,LS1_1216554389,1009,1765,-129439.4384765625,-419595.125,22166.238,404.76178,101.0,-3630.0,48020.0,46.5,Layer3;Layer1;Layer2;Layer4;Layer5;Layer6
Borealis__Borealis,LS1_1689492443,2041,1786,-102000.0,-76500.0,100.0,100.0,100.0,-15291.0,25699.0,100.0,Layer1;Layer2;Layer3;Layer4;Layer5;Layer6
Buddy_Beach__CoralCove,LS1_2146416931,2017,1387,-116160.0,-45280.0,7268.0,100.0,100.0,6388.0,12381.0,100.0,Layer1;Layer2;Layer3;Layer5;Layer6;Layer7
Cliff_Runner__DelMarNUX_Bronze04,LS1_0,2041,2041,-101931.46875,-101997.53125,-1048.8723,100.0,100.0,-26649.0,24550.0,100.0,Layer1;Layer2;Layer3;Layer4;Layer5;Layer6
Conduit__DelMarDraino,LS1_0,2041,2041,-101915.09375,-53854.28125,-1048.8723,100.0,100.0,-26649.0,24550.0,100.0,Layer_id613;Layer_id615;Layer_id616
Curvy_Canyon__DelMarNUX_Bronze02,LS1_0,2041,2041,-101931.46875,-101997.53125,-1048.8723,100.0,100.0,-26649.0,24550.0,100.0,Layer1;Layer2;Layer3;Layer5;Layer6
Day_Drifting__Bronze09_Drifting_adv,LS1_0,2041,2041,-101931.46875,-101997.53125,-1048.8723,100.0,100.0,-8039.0,20641.0,100.0,Layer1;Layer2;Layer3;Layer_id294;Layer_id295;Layer_id296
Delirium__DelMarPhoenix,LS1_1124459955,2041,2041,-77355.46875,-85613.53125,-4120.8726,100.0,100.0,-29721.0,21478.0,100.0,Layer2;Layer3;Layer4;Layer5
Dust_Up__DelMarNUX_Bronze06,LS1_0,2041,2041,-101931.46875,-101997.53125,9410.468,100.0,100.0,-16129.0,35010.0,100.0,Layer1;Layer2;Layer3;Layer4;Layer5;Layer6
Dusted__Bronze06,LS1_0,2041,2041,-101931.46875,-101997.53125,9410.468,100.0,100.0,-16129.0,35010.0,100.0,Layer1;Layer2;Layer3;Layer4;Layer5;Layer6
Festive_Falls__DelMarOuroboros,LS1_2055861838,2017,2017,-150630.734375,-267031.5,4672.5376,202.382,101.191,-21232.0,30577.0,100.0,Layer1;Layer2;Layer3;Layer4;Layer5;Layer6
Festive_Falls_2__Ouroboros_adv,LS1_2055861838,2017,2017,-150630.734375,-267031.5,4672.5376,202.382,101.191,-21232.0,30577.0,100.0,Layer1;Layer2;Layer3;Layer4;Layer5;Layer6
Inverse_Arches__Bronze10,LS1_0,2041,2041,-101933.46875,-101991.5,-1048.8723,100.0,100.0,-26590.0,24550.0,100.0,Layer1;Layer2;Layer3;Layer5;Layer6
Jackrabbit__DelMarKickFlip,LS1_1547215479,1786,1786,-74127.421875,-114029.40625,25153.232,100.0,100.0,-447.0,50102.0,100.0,Layer1;Layer2;Layer3;Layer4
K2_Raceway__DelMarRally,LS1_1825036829,2041,2041,-114700.0,-114700.0,0.0,100.0,100.0,-1312.0,23399.0,100.0,Layer1;Layer2;Layer3;Layer4;Layer6
K2_Raceway_Deux__Rally_adv,LS1_1825036829,2041,2041,-114700.0,-114700.0,0.0,100.0,100.0,-1312.0,23399.0,100.0,Layer1;Layer2;Layer3;Layer4;Layer6
Lavish_Lagoon__DM_404_S2_A,LS1_1773424501,2041,2041,-114277.4375,-111670.859375,-1549.3103,100.0,100.0,-2653.0,23827.0,100.0,Layer1;Layer2;Layer3;Layer4;Layer5;Layer6
Lazy_Lake__DelMarNUX_Bronze03,LS1_0,2041,2041,-101931.46875,-101997.53125,-1048.8723,100.0,100.0,-26646.0,24550.0,100.0,Layer1;Layer2;Layer3;Layer4;Layer5;Layer6
Lazy_Lake_2__Bronze03_adv,LS1_0,2041,2041,-101931.46875,-101997.53125,-1048.8723,100.0,100.0,-26646.0,24550.0,100.0,Layer1;Layer2;Layer3;Layer4;Layer5;Layer6
Mine_Mayhem__GoldRush,LS1_1301291672,505,505,-227248.03125,-226448.640625,-2000.0,1000.0,100.0,-9533.0,23599.0,100.0,Layer1
Obsidian__DelMarNUX_Bronze08,LS1_0,2041,2041,-127861.59375,-101997.53125,-1048.8723,100.0,100.0,-26649.0,24550.0,100.0,LandscapeVisibility;Layer3
Olympico__Olympus,LS1_0,2041,2041,-101931.46875,-101997.53125,24307.1,100.0,100.0,-1234.0,49594.0,100.0,Layer1;Layer2;Layer3;Layer4;Layer5;Layer6
Olympus__DelMarOlympus,LS1_0,2041,2041,-101931.46875,-101997.53125,24307.1,100.0,100.0,-1234.0,49594.0,100.0,Layer1;Layer2;Layer3;Layer4;Layer5;Layer6
Outpost__DelMarTurbine,LS1_0,2041,2041,-101931.5,-101997.53125,-1048.8723,100.0,100.0,-26649.0,24550.0,100.0,Layer1;Layer2;Layer3;Layer4;Layer5;Layer6
Pleasant_Detour__Snap,LS1_1261293063,2041,2041,-114700.0,-114700.0,0.0,100.0,100.0,-3261.0,25599.0,100.0,Layer1;Layer2;Layer3;Layer4
Pleasant_Pitstop__DelMarSnap,LS1_1261293063,2041,2041,-114700.0,-114700.0,0.0,100.0,100.0,-3261.0,25599.0,100.0,Layer1;Layer2;Layer3;Layer4
Puddle_Jumper__DelMarNUX_Bronze01,LS1_0,2041,2041,-101931.46875,-101997.53125,6725.38,100.0,100.0,-18875.0,32325.0,100.0,Layer1;Layer2;Layer3;Layer4;Layer5;Layer6
Puddle_Skipper__Bronze01,LS1_0,2041,2041,-101931.46875,-101997.53125,6725.38,100.0,100.0,-18875.0,32325.0,100.0,Layer1;Layer2;Layer3;Layer4;Layer5;Layer6
Python__DelMarNUX_Bronze07,LS1_0,2041,2041,-101915.09375,-53854.28125,-1048.8723,100.0,100.0,-26649.0,24550.0,100.0,Layer1;Layer2;Layer3;Layer4;Layer5;Layer6;Layer7
Riviera__DelMarRiviera,LS1_0,2041,2041,-101997.25,-101999.65625,-2837.405,100.0,100.0,-6401.0,13468.0,100.0,Layer1;Layer2;Layer3;Layer4;Layer5;Layer6
Riviera_Rush__Riviera,LS1_0,2041,2041,-101997.0,-102000.0,-2837.405,100.0,100.0,-6401.0,13286.0,100.0,Layer1;Layer2;Layer3;Layer4;Layer5;Layer6
Seafoam_Cove__DelMarCruise,LS1_1825036829,2041,2041,-114700.0,-114700.0,8192.0,100.0,100.0,-17396.0,29269.0,100.0,Layer1;Layer2;Layer3;Layer5
Seaside_Farms__DelMarCascade,LS1_0,2041,2041,-101931.46875,-101997.53125,28062.1,100.0,100.0,26255.0,52036.0,100.0,Layer1;Layer2;Layer3;Layer4;Layer5;Layer6
Shipwrecked__PirateAdventure,LS1_1732996647,1576,1324,-88200.0,-94500.0,15500.0,100.0,100.0,-9691.0,37184.0,67.9,Layer1;Layer2;Layer3;Layer4;Layer5;Layer6;Layer7
Sidewinder__DelMarSidewinder,LS1_0,2041,2041,-23125.46875,-114029.53125,4367.6436,100.0,100.0,-21232.0,29967.0,100.0,Layer1;Layer2;Layer3;Layer4;Layer5;Layer6
Sidewinder_Sprint__Sidewinder,LS1_0,2041,2041,-23127.46875,-114029.53125,4367.6436,100.0,100.0,-21232.0,29967.0,100.0,Layer1;Layer2;Layer3;Layer4;Layer5;Layer6
Skull_Rock_Isle__DelMarCave,LS1_1261151077,2041,1531,-781.703125,-82338.234375,0.0,100.0,100.0,-24634.0,23222.0,60.5,Layer1;Layer3;Layer6
Slap_Happy__DelMarPoseidon,LS1_0,2041,2041,-101931.46875,-101997.53125,-4996.782,100.0,100.0,-4997.0,20602.0,100.0,Layer1;Layer2;Layer3;Layer4;Layer6
Tilted_Turnpike__DelMarApollo,LS1_0,2041,2041,-101931.46875,-101997.53125,-4996.782,100.0,100.0,-10638.0,19022.0,100.0,Layer1;Layer2;Layer3;Layer4;Layer5;Layer6
Tilted_Turns__Apollo,LS1_0,2041,2041,-101931.46875,-101997.53125,-4996.782,100.0,100.0,-5364.0,19022.0,100.0,Layer1;Layer2;Layer3;Layer4;Layer5;Layer6
Tri-City__DelMarHydra,LS1_0,1786,1786,-74127.46875,-114029.53125,37863.13,100.0,100.0,12263.0,63462.0,100.0,LandscapeVisibility;Layer1;Layer3;Layer4
Tutorial__DelMarSeamless_TutorialRun,LS1_0,2041,2041,-36395.46875,-142957.53125,6709.007,100.0,100.0,-4882.0,32308.0,100.0,Layer1;Layer2;Layer3;Layer4;Layer5;Layer6
Twin_Flame_Island__Twister,LS1_1124459955,2041,2041,-77355.46875,-85613.53125,-3096.8723,100.0,100.0,-26982.0,22502.0,100.0,Layer1;Layer2;Layer3;Layer4;Layer5;Layer6;Layer7
Windy_Way__DelMarSweetJumps,LS1_0,2041,2041,-99627.46875,-114029.53125,5407.562,100.0,100.0,-20192.0,31007.0,100.0,Layer1;Layer2;Layer3;Layer4;Layer5;Layer6
